Código BDNS,Mecanismo de Recuperación y Resiliencia,Administración,Departamento,Órgano,Fecha de registro,Título de la convocatoria,Título cooficial
886388,SI,ESTADO,"MINISTERIO DE ECONOMÍA, COMERCIO Y EMPRESA",INSTITUTO DE CRÉDITO OFICIAL,10/02/2026,LÍNEA DE FINANCIACIÓN “ICO CRECIMIENTO EXPORTADORES” - MINIMIS GENERAL,
886383,NO,AUTONOMICA,PRINCIPADO DE ASTURIAS,"CONSEJERÍA DE CIENCIA, EMPRESAS, FORMACIÓN Y EMPLEO",10/02/2026,Subvención nominativa a UGT por participación institucional 2026,
886382,NO,AUTONOMICA,PRINCIPADO DE ASTURIAS,"CONSEJERÍA DE CIENCIA, EMPRESAS, FORMACIÓN Y EMPLEO",10/02/2026,Subvención nominativa a CCOO por participación institucional 2026,
886379,NO,AUTONOMICA,CANARIAS,"CONSEJERÍA DE UNIVERSIDADES, CIENCIA E INNOVACIÓN Y CULTURA",10/02/2026,Orden aportación dineraria mensual ULPGC 2026,
886378,NO,LOCAL,COBISA,AYUNTAMIENTO DE COBISA,10/02/2026,BASES CONCURSO DE CARNAVAL 2026,
886375,NO,LOCAL,SANT PERE DE RIBES,AYUNTAMIENTO DE SANT PERE DE RIBES,10/02/2026,Convenio que regula la subvención nominativa 2026 entre el Ayuntamiento de Sant Pere de ribes y la escuela Riera de Ribes  para el mantenimiento,Conveni que regula la subvenció nominativa 2026 entre l'Ajuntament de Sant Pere de Ribes i l'escola Riera de Ribesi per al manteniment
886374,NO,OTROS,UNIVERSIDAD DE ALICANTE,,10/02/2026,MOVILIDAD SICUE DE LA UNIVERSIDAD DE ALICANTE. CURSO 2026-27.,MOBILITAT SICUE DE LA UNIVERSITAT D'ALACANT. CURS 2026-27.
886373,NO,LOCAL,PENÍSCOLA/PEŃÍSCOLA,AYUNTAMIENTO DE PENÍSCOLA/PEŃÍSCOLA,10/02/2026,"CAMPAŃA BONOS COMERCIO CONSUMO PEŃÍSCOLA”, DEL AYUNTAMIENTO DE PEŃÍSCOLA PARA EL EJERCICIO 2025",
886371,NO,LOCAL,COMARCA DE HOYA DE HUESCA/PLANA DE UESCA,COMARCA DE HOYA DE HUESCA/PLANA DE UESCA,10/02/2026,Convenio interadministrativo de cooperación en materia de deporte entre la Comarca de Hoya de Huesca/Plana de Uesca y el Ayuntamiento de Quicena durante el ańo 2025,
886370,NO,LOCAL,SAHÚN,AYUNTAMIENTO DE SAHÚN,10/02/2026,BASES DE LA CONVOCATORIA PARA LA CONCESIÓN DE UNA SUBVENCIÓN A LOS ALUMNOS Y ALUMNAS ESCOLARIZADOS EN LA UNIDAD DE SAHÚN CRA ALTA RIBAGORZA CURSO 2025/2026,
886369,NO,LOCAL,SANT PERE DE RIBES,AYUNTAMIENTO DE SANT PERE DE RIBES,10/02/2026,Convenio que regula la subvención nominativa 2026 entre el Ayuntamiento de Sant Pere de ribes y  la Asociaciňn Geganters de Ribes,Conveni que regula la subvenció nominativa 2026 entre l'Ajuntament de Sant Pere de Ribes i la Associació Geganters de Ribes
886368,NO,LOCAL,HONDARRIBIA,AYUNTAMIENTO DE HONDARRIBIA,10/02/2026,CONVOCATORIA DE SUBVENCIONES A ORGANIZACIONES NO GUBERNAMENTALES PARA FINANCIAR PROGRAMAS DE COOPERACIÓN CON LOS PAÍSES EN VÍAS DE DESARROLLO. 2025.,"GOBERNUZ KANPOKO ERAKUNDEENTZAKO DIRULAGUNTZEN DEIALDIA, GARAPEN BIDEAN DAUDEN HERRIALDEEKIN LANKIDETZA PROGRAMAK FINANTZATZEKO. 2025."
886366,NO,LOCAL,SANT PERE DE RIBES,AYUNTAMIENTO DE SANT PERE DE RIBES,10/02/2026,Convenio que regula la subvención nominativa 2026 entre el Ayuntamiento de Sant Pere de ribes y  la Hermandad de Ntra. Sra. del Rocio de la Comarca del Garraf,Conveni que regula la subvenció nominativa 2026 entre l'Ajuntament de Sant Pere de Ribes i la Hermandad de Ntra. Sra. del Rocio de la Comarca del Garraf
886365,NO,LOCAL,HUESCA,AYUNTAMIENTO DE HUESCA,10/02/2026,"ASIGNACIONES PARA EL FUNCIONAMIENTO DE LOS GRUPOS POLÍTICOS DEL AYUNTAMIENTO DE HUESCA REGULARIZACIÓN AŃOS 2023, 2024 Y 2025.",
886364,NO,LOCAL,DIPUTACIÓN PROV. DE SORIA,DIPUTACIÓN PROVINCIAL DE SORIA,10/02/2026,CONVENIO DE SUBVENCIÓN ENTRE LA DIPUTACIÓN DE SORIA Y LA FEDERACIÓN TRIATLÓN CyL 2026,
886363,NO,LOCAL,"ELIANA, L'","AYUNTAMIENTO DE ELIANA, L'",10/02/2026,BASES REGULADORAS Y CONVOCATORIA DE LA III EDICIÓN DEL CONCURSO “MURALES POR LA IGUALDAD” DEL AYUNTAMIENTO DE L’ELIANA EJERCICIO 2026,BASES REGULADORES I CONVOCATŇRIA DE LA III EDICIÓ DEL CONCURS “MURALS PER LA IGUALTAT” DE L'AJUNTAMENT DE L’ELIANA EXERCICI 2026
886362,NO,LOCAL,SANT PERE DE RIBES,AYUNTAMIENTO DE SANT PERE DE RIBES,10/02/2026,Convenio que regula la subvención nominativa 2026 entre el Ayuntamiento de Sant Pere de ribes y la escuela El  Pi  para el mantenimiento,Conveni que regula la subvenció nominativa 2026 entre l'Ajuntament de Sant Pere de Ribes i l'escola El Pi  per al manteniment
886361,NO,LOCAL,AGULLENT,AYUNTAMIENTO DE AGULLENT,10/02/2026,BASES AYUDAS PARA NACIMIENTOS Y ADOPCIONES - "CHEQUE BEBÉ 2026" Exp. 48/2026,BASES AJUDES PER A NAIXEMENTS I ADOPCIONS - "XEC BEBÉ 2026" Exp. 48/2026
886360,NO,LOCAL,COMARCA DE HOYA DE HUESCA/PLANA DE UESCA,COMARCA DE HOYA DE HUESCA/PLANA DE UESCA,10/02/2026,Convenio interadministrativo de cooperación en materia de deporte entre la Comarca de Hoya de Huesca/Plana de Uesca y el Ayuntamiento de Nueno durante el ańo 2025,
886359,NO,LOCAL,LLÍRIA,AYUNTAMIENTO DE LLÍRIA,10/02/2026,Bases XI Premio Grattia Maximilla,
886358,NO,LOCAL,COMARCA DE HOYA DE HUESCA/PLANA DE UESCA,COMARCA DE HOYA DE HUESCA/PLANA DE UESCA,10/02/2026,Convenio interadministrativo de cooperación en materia de deporte entre la Comarca de Hoya de Huesca/Plana de Uesca y el Ayuntamiento de Novales durante el ańo 2025,
886357,NO,LOCAL,HONDARRIBIA,AYUNTAMIENTO DE HONDARRIBIA,10/02/2026,SUBVENCIÓN NOMINATIVA ASOCIACIÓN DE VECINOS ARKOLL - FIESTAS DEL BARRIO - 2025,ARKOLLAKO BIZILAGUNEN ELKARTEA - ARKOLLA AUZOKO JAIAK - DIRULAGUNTZA IZENDUNA 2025
886356,NO,LOCAL,COMARCA DE HOYA DE HUESCA/PLANA DE UESCA,COMARCA DE HOYA DE HUESCA/PLANA DE UESCA,10/02/2026,Convenio interadministrativo de cooperación en materia de deporte entre la Comarca de Hoya de Huesca/Plana de Uesca y el Ayuntamiento de Monflorite durante el ańo 2025,
886355,NO,LOCAL,SORIA,AYUNTAMIENTO DE SORIA,10/02/2026,CONVENIO DE COLABORACIÓN ENTRE EL AYUNTAMIENTO DE SORIA Y CD CALASANZ DE SORIA PARA LA PROMOCION FUTBOL BASE 2025,
886353,NO,LOCAL,ONDA,AYUNTAMIENTO DE ONDA,10/02/2026,"Bases específicas reguladoras de las ayudas económicas del Ayuntamiento de Onda para prótesis capilares en pacientes oncológicos, convocatoria 2026.",
886351,NO,LOCAL,HONDARRIBIA,AYUNTAMIENTO DE HONDARRIBIA,10/02/2026,SUBVENCIÓN NOMINATIVA ASOCIACIÓN DE VECINOS AMUTE KOSTA INVERSIÓN Y MANTENIMIENTO LOCAL MUNICIPAL 2025,DIRULAGUNTZA IZENDUNA AMUTE KOSTA AUZO EGINTZA MANTENU ETA INBERTSIOAK UDAL LOKALAN 2025
886350,NO,LOCAL,TALAVERA DE LA REINA,AYUNTAMIENTO DE TALAVERA DE LA REINA,10/02/2026,Acuerdo de la Junta de Gobierno por el que se aprueban las bases reguladoras y la convocatoria del Concurso de Carteles de Mondas 2026.,
886349,NO,LOCAL,TERRASSA,AJUNTAMENT DE TERRASSA,10/02/2026,"Decreto 3732/2026, del 6 de febrero, de la concejala de Capacidades Diversas y Accesibilidad, por la que se convocan subvenciones para la mejora de la accesibilidad universal a locales estables de entidades sin animo de lucro para el ańo 2026.","Decret número 3732/2026, del 6 de febrer, de la regidora de Capacitats Diverses i Accessibilitat, pel que s’obre la convocatňria per a la concessió de subvencions per la millora de l’accessibilitat universal a locals estables d’entitats sense afany de luc"
886348,NO,LOCAL,SORIA,AYUNTAMIENTO DE SORIA,10/02/2026,CONVENIO COLABORACION ENTRE EL AYUNTAMIENTO DE SORIA Y EL CLUB DEPORTIVO SAN JOSE PARA EL MANTENIMIENTO CAMPO FÚTBOL 2025,
886347,NO,AUTONOMICA,COMUNIDAD DE MADRID,"CONSEJERÍA DE CULTURA, TURISMO Y DEPORTE",10/02/2026,AYUDAS FONDOS BIBLIOGRÁFICOS 2026. LÍNEA C,
886346,NO,LOCAL,ONDA,AYUNTAMIENTO DE ONDA,10/02/2026,"BASES ESPECÍFICAS REGULADORAS DE LAS AYUDAS ECONÓMICAS MUNICIPALES PARA FAMILIAS MONOPARENTALES DEL AYUNTAMIENTO DE ONDA, EJERCICIO 2026",
886345,NO,AUTONOMICA,COMUNIDAD DE MADRID,"CONSEJERÍA DE CULTURA, TURISMO Y DEPORTE",10/02/2026,AYUDAS FONDOS BIBLIOGRÁFICOS 2026. LÍNEA B,
886343,NO,AUTONOMICA,COMUNIDAD DE MADRID,"CONSEJERÍA DE CULTURA, TURISMO Y DEPORTE",10/02/2026,AYUDAS FONDOS BIBLIOGRÁFICOS 2026. LÍNEA A,
886341,NO,AUTONOMICA,COMUNIDAD DE MADRID,"CONSEJERÍA DE CULTURA, TURISMO Y DEPORTE",10/02/2026,SUBVENCIÓN NOMINATIVA 2026 - JUDO Y D.A.,
886340,NO,LOCAL,PLASENCIA,AYUNTAMIENTO DE PLASENCIA,10/02/2026,SUMINISTRO DE INFORMACIÓN A LA BDNS DE APROBACIÓN DE SUBVENCIÓN DE CONCESIÓN DIRECTA (CONVENIO 2025 AYUNTAMIENTO DE PLASENCIA Y PLASENCIAFOTO),
886339,NO,LOCAL,HONDARRIBIA,AYUNTAMIENTO DE HONDARRIBIA,10/02/2026,SUBVENCIÓN NOMINATIVA ASOCIACIÓN DE VECINOS AMUTE-KOSTA - ORGANIZACIÓN DE FIESTAS DE AMUTE 2025,AMUTE-KOSTA AUZO ELKARTEA - DIRULAGUNTZA IZENDUNA - JAIAK ANTOLATZEA - 2025
886338,NO,LOCAL,HUMANES DE MADRID,AYUNTAMIENTO DE HUMANES DE MADRID,10/02/2026,"BASES QUE RIGEN LA PARTICIPACIÓN Y TRAMITACIÓN DE PREMIOS, EN RÉGIMEN DE CONCURRENCIA COMPETITIVA, EN EL CERTAMEN DE CARNAVAL 2026 DE HUMANES DE MADRID.",
886337,NO,AUTONOMICA,COMUNIDAD DE MADRID,"CONSEJERÍA DE CULTURA, TURISMO Y DEPORTE",10/02/2026,SUBVENCIÓN NOMINATIVA 2026 - HOCKEY,
886336,NO,LOCAL,VIVEIRO,AYUNTAMIENTO DE VIVEIRO,10/02/2026,VIII PREMIO DE NOVELA VILAR PONTE AYUNTAMIENTO DE VIVEIRO,VIII PREMIO DE NOVELA VILAR PONTE CONCELLO DE VIVEIRO
886335,NO,AUTONOMICA,COMUNIDAD DE MADRID,"CONSEJERÍA DE CULTURA, TURISMO Y DEPORTE",10/02/2026,SUBVENCIÓN NOMINATIVA 2026 - HÍPICA,
886334,NO,ESTADO,"MINISTERIO DE AGRICULTURA, PESCA Y ALIMENTACIÓN",ENTIDAD ESTATAL DE SEGUROS AGRARIOS - ENESA,10/02/2026,"Subvenciones a los seguros agrícolas, ganaderos y forestales comprendidos en el 47ş Plan de Seguros Agrarios Combinados",
886333,NO,AUTONOMICA,COMUNIDAD DE MADRID,"CONSEJERÍA DE CULTURA, TURISMO Y DEPORTE",10/02/2026,SUBVENCIÓN NOMINATIVA 2026 - PIRAGÜISMO,
886332,NO,LOCAL,CHESTE,AYUNTAMIENTO DE CHESTE,10/02/2026,CERTAMEN LITERARIO 8 DE MARZO DEL CENTRO DE FORMACIÓN DE PERSONAS ADULTAS. 2025-2026.,
886331,NO,LOCAL,SORIA,AYUNTAMIENTO DE SORIA,10/02/2026,CONVENIO DE COLABORACION ENTRE EL AYUNTAMIENTO DE SORIA Y EL CD SPORTING VOLEY PARA LA CELEBRACIÓN DEL CAMPEONATO VOLEY PLAYA 2025,
886329,NO,AUTONOMICA,COMUNIDAD DE MADRID,"CONSEJERÍA DE CULTURA, TURISMO Y DEPORTE",10/02/2026,SUBVENCIÓN NOMINATIVA 2026 - REMO,
886328,NO,AUTONOMICA,COMUNIDAD DE MADRID,"CONSEJERÍA DE CULTURA, TURISMO Y DEPORTE",10/02/2026,SUBVENCIÓN NOMINATIVA 2026 - RUGBY,
886327,NO,LOCAL,PLASENCIA,AYUNTAMIENTO DE PLASENCIA,10/02/2026,SUMINISTRO DE INFORMACIÓN A LA BDNS DE APROBACIÓN DE SUBVENCIÓN DE CONCESIÓN DIRECTA (CONVENIO 2025 AYUNTAMIENTO DE PLASENCIA Y MINTAKA),
886326,NO,AUTONOMICA,CIUDAD AUTÓNOMA DE CEUTA,"CONSEJERÍA DE EDUCACIÓN, CULTURA Y JUVENTUD",10/02/2026,SOLICITUD CONVENIO 2026 AGRUPACIÓN MUSICAL NUESTRO PADRE JESÚS CAÍDO Y VIRGEN DE LA AMARGURA,
886325,NO,AUTONOMICA,COMUNIDAD DE MADRID,"CONSEJERÍA DE CULTURA, TURISMO Y DEPORTE",10/02/2026,SUBVENCIÓN NOMINATIVA 2026 - SALVAMENTO Y SOCORRISMO,
886324,NO,LOCAL,CASTELL-PLATJA D'ARO,AYUNTAMIENTO DE CASTELL-PLATJA D'ARO,10/02/2026,"CONVOCATORIA PÚBLICA ANUAL PARA LA EXPEDICIÓN DE LAS TARJETAS MONEDERO DEL AYUNTAMIENTO DE CASTELL D’ARO, PLATJA D’ARO I S’AGARÓ PARA LA ADQUISICIÓN DE ALIMENTOS DE PRIMERA NECESIDAD Y/O PRODUCTOS DE HIGIENE PERSONAL, DOMÉSTICA Y FARMACIA.","CONVOCATŇRIA PÚBLICA ANUAL PER L'EXPEDICIÓ DE LES TARGETES MONEDER DE L’AJUNTAMENT DE CASTELL D’ARO, PLATJA D’ARO I S’AGARÓ PER L’ADQUISICIÓ D’ALIMENTS DE PRIMERA NECESSITAT I/O PRODUCTES D’HIGIENE PERSONAL, DOMČSTICA I FARMŔCIA."
886323,NO,LOCAL,BILBAO,AYUNTAMIENTO DE BILBAO,10/02/2026,TRANSFERENCIA DE CAPITAL A LA ORQUESTA SINFóNICA DE BILBAO (BOS),
886322,NO,LOCAL,PLASENCIA,AYUNTAMIENTO DE PLASENCIA,10/02/2026,SUMINISTRO DE INFORMACIÓN A LA BDNS DE APROBACIÓN DE SUBVENCIÓN DE CONCESIÓN DIRECTA (CONVENIO 2025 AYUNTAMIENTO DE PLASENCIA Y EL I.E.S. “GABRIEL Y GALÁN”),
886321,NO,AUTONOMICA,COMUNIDAD DE MADRID,"CONSEJERÍA DE CULTURA, TURISMO Y DEPORTE",10/02/2026,SUBVENCIÓN NOMINATIVA 2026 - SQUASH,
886320,NO,LOCAL,HONDARRIBIA,AYUNTAMIENTO DE HONDARRIBIA,10/02/2026,AKARTEGI GURASO ELKARTEA - SUBVENCIÓN NOMINATIVA PARA LA COMPRA DE MATERIAL DEPORTIVO - 2025,AKARTEGI GURASO ELKARTEA - DIRULAGUNTZA IZENDUNA KIROL MATERIAL EROSTEKO - 2025
886319,NO,AUTONOMICA,COMUNIDAD DE MADRID,"CONSEJERÍA DE CULTURA, TURISMO Y DEPORTE",10/02/2026,SUBVENCIÓN NOMINATIVA 2026 - TAEKWONDO,
886318,NO,AUTONOMICA,COMUNIDAD DE MADRID,"CONSEJERÍA DE CULTURA, TURISMO Y DEPORTE",10/02/2026,SUBVENCIÓN NOMINATIVA 2026 - TENIS,
886317,NO,LOCAL,DONOSTIA/SAN SEBASTIÁN,AYUNTAMIENTO DE DONOSTIA/SAN SEBASTIÁN,10/02/2026,RESOLUCIÓN DE FECHA 12 DE DICIEMBRE DEL 2025 DEL ALCALDE POR LA QUE SE APRUEBA LA CONCESIÓN DE UNA SUBVENCIÓN NOMINATIVA A BIC GIPUZKOA BERRILAN S.A.(ART.22.2. a LGS),"ALKATEAREN EBAZPENA, 2025EKO ABENDUAREN 12KOA, BIC GIPUZKOA BERRILAN SA-RI DIRULAGUNTZA IZENDUNA EMATEA ONARTZEN DUENA. (22.2 artikulua, DLO)"
886316,NO,AUTONOMICA,COMUNIDAD DE MADRID,"CONSEJERÍA DE CULTURA, TURISMO Y DEPORTE",10/02/2026,SUBVENCIÓN NOMINATIVA 2026 - TENIS DE MESA,
886315,NO,LOCAL,HONDARRIBIA,AYUNTAMIENTO DE HONDARRIBIA,10/02/2026,APYMA JESUSEN AMA -ASOCIACIÓN DE PADRES - SUBVENCIÓN NOMINATIVA COMPRA DE MATERIAL DEPORTIVO - 2025,APYMA JESUSEN AMA - GURASOEN ELKARTEA - DIRULAGUNTZA IZENDUNA KIROLA MATERIALA EROSTEKO - 2025
886314,NO,LOCAL,TERRASSA,AJUNTAMENT DE TERRASSA,10/02/2026,"Decreto 3731/2026, del 6 de febrero, de la concejala de Capacidades Diversas y Accesibilidad, por la que se convocan subvenciones para la mejora de la accesibilidad universal dirigidas a la mejora y adecuación del acceso desde la vía pública y/o de los el","Decret número 3732/2026, del 6 de febrer, de la regidora de Capacitats Diverses i Accessibilitat, pel que s’obre la convocatňria per a la concessió de subvencions per la millora de l’accessibilitat universal adreçades a la millora i adequació de l’accés d"
886312,NO,LOCAL,TOMELLOSO,AYUNTAMIENTO DE TOMELLOSO,10/02/2026,XXXIII Muestra de Teatro Escolar 2026,
886311,NO,AUTONOMICA,COMUNIDAD DE MADRID,"CONSEJERÍA DE CULTURA, TURISMO Y DEPORTE",10/02/2026,SUBVENCIÓN NOMINATIVA 2026 - TIRO CON ARCO,
886310,NO,AUTONOMICA,COMUNIDAD DE MADRID,"CONSEJERÍA DE CULTURA, TURISMO Y DEPORTE",10/02/2026,SUBVENCIÓN NOMINATIVA 2026 - TIRO OLÍMPICO,
886309,NO,LOCAL,TALAVERA DE LA REINA,AYUNTAMIENTO DE TALAVERA DE LA REINA,10/02/2026,Acuerdo de la Junta de Gobierno por el que se aprueban las bases reguladoras y la convocatoria del XIII Certamen Cerámica “Bastones de Mondas” 2026.,Acuerdo de la Junta de Gobierno por el que se aprueban las bases reguladoras y la convocatoria del XIII Certamen Cerámica “Bastones de Mondas” 2026.
886308,NO,LOCAL,BILBAO,AYUNTAMIENTO DE BILBAO,10/02/2026,TRANSFERENCIA CORRIENTE MUSEO MARíTIMO,
886307,NO,AUTONOMICA,COMUNIDAD DE MADRID,"CONSEJERÍA DE CULTURA, TURISMO Y DEPORTE",10/02/2026,SUBVENCIÓN NOMINATIVA 2026 - TRIATLÓN,
886306,NO,LOCAL,HONDARRIBIA,AYUNTAMIENTO DE HONDARRIBIA,10/02/2026,EGILUZE HIJAS DE LA CRUZ IKASTETXEA - SUBVENCIÓN NOMINATIVA COMPRA DE MATERIAL DEPORTIVO,EGILUZE HIJAS DE LA CRUZ IKASTETXEA - KIROL MATERIALA EROSTEKO DIRULAGUNTZA IZENDUNA
886305,NO,LOCAL,BILBAO,AYUNTAMIENTO DE BILBAO,10/02/2026,LAGUN ARTEAN ELKARTEA: CENTRO DE NOCHE- INTERVENCIóN SOCIOEDUCATIVA ALOJAMIENTO PERSONAS SIN HOGAR,
886304,NO,LOCAL,MÁLAGA,AYUNTAMIENTO DE MÁLAGA,10/02/2026,"SUBV. NOMINATIVA A LA FUNDACIÓN CIUDADANA CARNAVAL DE MÁLAGA, PROYECTO "CARNAVAL DE MÁLAGA 2026"",
886303,NO,LOCAL,TINEO,AYUNTAMIENTO DE TINEO,10/02/2026,SUBVENCION NOMINATIVA EJERCICIO 2025,
886302,NO,LOCAL,ZARAGOZA,AYUNTAMIENTO DE ZARAGOZA,10/02/2026,Convenio entre el Ayuntamiento de Zaragoza y la Sociedad Espańola de Ornitología para seguimiento de indicadores de biodiversidad en la ciudad de Zaragoza 2025,
886301,NO,AUTONOMICA,COMUNIDAD DE MADRID,"CONSEJERÍA DE CULTURA, TURISMO Y DEPORTE",10/02/2026,SUBVENCIÓN NOMINATIVA 2026 - VELA,
886300,NO,LOCAL,TOMELLOSO,AYUNTAMIENTO DE TOMELLOSO,10/02/2026,XXXVI Certamen literario del CEM 2026,
886299,NO,LOCAL,PAMPLONA/IRUŃA,AYUNTAMIENTO DE PAMPLONA/IRUŃA,10/02/2026,CONVOCATORIA SUBVENCIÓN DIVERSIDAD CULTURAL 2026,
886298,NO,LOCAL,MONTCADA I REIXAC,AYUNTAMIENTO DE MONTCADA I REIXAC,10/02/2026,CONVOCATORIA APORTACIONES SERVICIOS SOCIALES AŃO 2026,CONVOCATŇRIA APORTACIONS SERVEIS SOCIALS ANY 2026
886297,NO,LOCAL,PLASENCIA,AYUNTAMIENTO DE PLASENCIA,10/02/2026,SUMINISTRO DE INFORMACIÓN A LA BDNS DE APROBACIÓN DE SUBVENCIÓN DE CONCESIÓN DIRECTA (CONVENIO 2025 AYUNTAMIENTO DE PLASENCIA Y LA PEŃA FLAMENCA PLACENTINA),
886296,NO,LOCAL,GUADALAJARA,AYUNTAMIENTO DE GUADALAJARA,10/02/2026,Convenio nominativo entre el Ayuntamiento de Guadalajara y Salesianos Guadalajara 2025,
886294,NO,LOCAL,TORRELAVEGA,AYUNTAMIENTO DE TORRELAVEGA,10/02/2026,"Subvención directa (nominativa) a favor del Club Deportivo Elemental Grupo Alega Cantabria, para la participación en competiciones oficiales, fomento del deporte y actividad del club. Temporada 2024/2025",
886293,NO,LOCAL,PAMPLONA/IRUŃA,AYUNTAMIENTO DE PAMPLONA/IRUŃA,10/02/2026,SUBVENCIÓN DE PARTICIPACIÓN CIUDADANA 2026,
886292,NO,LOCAL,VANDELLŇS I L'HOSPITALET DE L'INFANT,AYUNTAMIENTO DE VANDELLŇS I L'HOSPITALET DE I'INFANT,10/02/2026,CONVENIO DE COLABORACIÓN ENTRE EL AYUNTAMIENTO DE VANDELLŇS I L'HOSPITALET DE L'INFANT Y EL CLUB CENTRE EXCURSIONISTA SERRES DEL MESTRAL. "LA PORTELLA" 2026,CONVENI DE COL·LABORACIÓ ENTRE L'AJUNTAMENT DE VANDELLŇS I L'HOSPITALET DE L'INFANT I EL CLUB CENTRE EXCURSIONISTA SERRES DEL MESTRAL. "LA PORTELLA" 2026
886291,NO,LOCAL,PAMPLONA/IRUŃA,AYUNTAMIENTO DE PAMPLONA/IRUŃA,10/02/2026,SUBVENCIÓN PARTICIPACIÓN DE MAYORES 2026,
886290,NO,LOCAL,QUART DE POBLET,AYUNTAMIENTO DE QUART DE POBLET,10/02/2026,"CONVOCATORIA DE AYUDAS AL ESTUDIO DE BACHILLERATO, FORMACIÓN PROFESIONAL BÁSICA, PROGRAMA FORMATIVO DE CUALIFICACIÓN BÁSICA, CICLOS FORMATIVOS DE GRADO MEDIO, GRADO SUPERIOR Y CURSOS DE ESPECIALIZACIÓN FP, CURSO 2025-2026","CONVOCATŇRIA D'AJUDES A L'ESTUDI DE BATXILLERAT, FORMACIÓ PROFESSIONAL BŔSICA, PROGRAMA FORMATIU DE QUALIFICACIÓ BŔSICA, CICLES FORMATIUS DE GRAU MITJŔ, GRAU SUPERIOR I CURSOS D'ESPECIALITZACIÓ FP, CURS 2025-2026"
886289,NO,LOCAL,TAUSTE,AYUNTAMIENTO DE TAUSTE,10/02/2026,CONVOCATORIA PARA EL CONCURSO DE DISFRACES DEL CARNAVAL AŃO 2026 EN TAUSTE,
886288,NO,LOCAL,JACARILLA,AYUNTAMIENTO DE JACARILLA,10/02/2026,"EXPTE. 835/2025 RESOLUCIÓN DE ALCALDÍA 2025-0729 POR LA QUE SE REALIZA LA CONCESIÓN DIRECTA DE SUBVENCIÓN A LEANDRO POGGI GRACIA, CONFORME AL ARTICULO 22.2 A) DE LA LEY 38/2003 GENERAL DE SUBVENCIONES",
886287,NO,LOCAL,TORRE-PACHECO,AYUNTAMIENTO DE TORRE-PACHECO,10/02/2026,"CONVENIO DE COLABORACIÓN ENTRE EL AYUNTAMIENTO DE TORRE PACHECO Y LA ASOCIACION CULTURAL AGRUPACIÓN MUSICAL DE RONDALLA, NTRA. SRA. DEL ROSARIO DE TORRE PACHECO, AŃO 2025",
886286,NO,LOCAL,BENALMÁDENA,AYUNTAMIENTO DE BENALMÁDENA,10/02/2026,Convocatoria instrumental de Prácticas no Laborales en Empresa en el marco del Programa de Experiencias profesionales para el Empleo,
886285,NO,LOCAL,TOMELLOSO,AYUNTAMIENTO DE TOMELLOSO,10/02/2026,XXXVI Concurso-exposición de artes plásticas del CEM 2026,
886284,NO,LOCAL,TORRE-PACHECO,AYUNTAMIENTO DE TORRE-PACHECO,10/02/2026,"CONVENIO DE COLABORACIÓN ENTRE EL AYUNTAMIENTO DE TORRE PACHECO Y EL GRUPO DE COROS Y DANZAS VIRGEN DEL ROSARIO DE TORRE PACHECO, AŃO 2025",
886283,NO,LOCAL,ALCALÁ DE HENARES,AYUNTAMIENTO DE ALCALÁ DE HENARES,10/02/2026,"Acuerdo de la Junta de Gobierno Local 23-01-2026, por el que se aprueban las Bases de la Convocatoria del XXXV Certamen de Poesía José Chacón. Edición 2026.",
886282,NO,LOCAL,TORRE-PACHECO,AYUNTAMIENTO DE TORRE-PACHECO,10/02/2026,"CONVENIO DE COLABORACIÓN ENTRE EL AYUNTAMIENTO DE TORRE PACHECO Y LA ASOCIACION MURCIANA PARA EL ESTUDIO DE LA PALEOANTROPOLOGÍA Y EL CUATERNARIO (ASOCIACIÓN MUPANTQUAT), AŃO 2025",
886281,NO,LOCAL,TORRENT,AYUNTAMIENTO DE TORRENT,10/02/2026,Concurso de dibujo "Mi papá es..." 2026,Concurs de dibuix "El meu papŕ és..." 2026
886280,NO,LOCAL,TERRASSA,AJUNTAMENT DE TERRASSA,10/02/2026,"Decreto 3730/2026, del 6 de febrero, de la concejala de Capacidades Diversas y Accesibilidad, por la que se convocan subvenciones para la mejora de la accesibilidad universal de los edificios de viviendas para el ańo 2026.","Decret número 3730/2026, del 6 de febrer, de la regidora de Capacitats Diverses i Accessibilitat, pel que s’obre la convocatňria per a la concessió de subvencions adreçades a la millora de l’accessibilitat universal dels edificis d’habitatges per a l’any"
886279,NO,AUTONOMICA,CASTILLA Y LEÓN,GERENCIA DE SERVICIOS SOCIALES DE CASTILLA Y LEÓN,10/02/2026,"Acuerdo de 27 de Noviembre de 2025, de la junta de castilla y león, por el que se autoriza la concesión directa de subvenciones a las familias desalojadas de las viviendas en las localidades afectadas por los incendios forestales en el verano de 2025.",
886278,NO,LOCAL,VILLAVICIOSA,AYUNTAMIENTO DE VILLAVICIOSA,10/02/2026,Convenio de colaboración para la promoción y desarrollo de la Escuela de Música Tradicional de la Banda de Gaites Villaviciosa-El Gaitero,
886277,NO,AUTONOMICA,COMUNIDAD DE MADRID,"CONSEJERÍA DE CULTURA, TURISMO Y DEPORTE",10/02/2026,SUBVENCIÓN NOMINATIVA 2026 - VOLEIBOL,
886276,NO,OTROS,UNIVERSIDAD DE ALCALÁ,,10/02/2026,Ayudas para la realización de Proyectos de Investigación UAH 2026,
886275,NO,AUTONOMICA,CASTILLA Y LEÓN,GERENCIA DE SERVICIOS SOCIALES DE CASTILLA Y LEÓN,10/02/2026,"Acuerdo de 20 de noviembre  de 2025, de la junta de castilla y león, por el que se autoriza la concesión directa de subvenciones a las familias desalojadas de las viviendas en las localidades afectadas por los incendios forestales en el verano de 2025.",Concesión de ayuda de 500 euros  por la Comunidad de Castilla y León a los afectados por los incendios de agosto de 2025
886274,NO,LOCAL,JACARILLA,AYUNTAMIENTO DE JACARILLA,10/02/2026,"EXPTE. 815/2025 RESOLUCIÓN DE ALCALDÍA 2025-0667 POR LA QUE SE REALIZA LA CONCESIÓN DIRECTA DE SUBVENCIÓN A LA ASOCIACIÓN SPORTING JACARILLA CF, CONFORME AL ARTÍCULO 22.2 A) DE LA LEY 38/2003 DE 17 DE NOVIEMBRE GENERAL DE SUBVENCIONES.",
886273,NO,LOCAL,SANT LLORENÇ D'HORTONS,AYUNTAMIENTO DE SANT LLORENÇ D'HORTONS,10/02/2026,ASIGNACIONES A LOS GRUPOS POLÍTICOS MUNICIPALES - LEGISLATURA 2023-2027 - AŃO 2025,
886272,NO,LOCAL,"BONILLO, EL","AYUNTAMIENTO DE BONILLO, EL",10/02/2026,XV CERTAMEN INTERNACIONAL DE POESÍA YOLANDA SÁENZ DE TEJADA,
